{"nodes":[{"positionX":"394","positionY":"294.5","width":"50","height":"50","color":"0,255,255","taskName":"1","taskStart":"","taskStop":"","taskDuring":"","type":"node"},{"positionX":"195","positionY":"167.5","width":"50","height":"50","color":"0,0,255","taskName":"2","taskStart":"","taskStop":"","taskDuring":"","type":"circle"},{"positionX":"493","positionY":"130.5","width":"50","height":"50","color":"0,0,255","taskName":"3","taskStart":"","taskStop":"","taskDuring":"","type":"circle"},{"positionX":"99","positionY":"395.5","width":"50","height":"50","color":"0,255,255","taskName":"16","taskStart":"","taskStop":"","taskDuring":"","type":"node"},{"positionX":"586","positionY":"266.5","width":"50","height":"50","color":"0,0,255","taskName":"17","taskStart":"","taskStop":"","taskDuring":"","type":"circle"},{"positionX":"410","positionY":"423.5","width":"50","height":"50","color":"0,255,255","taskName":"上班地方 ","taskStart":"","taskStop":"","taskDuring":"","type":"node"}],"links":[{"from":"2","to":"1","width":"3","color":"25,250,100","taskName":"435吗","taskStart":"","taskStop":"","taskDuring":"","type":"link"}]}